<annotation>
	<folder>cancer</folder>
	<filename>130f39ba68430749725e0faca422f8_jumbo.jpeg</filename>
	<path>/home/esmailelbob/Downloads/IBM/cancer/130f39ba68430749725e0faca422f8_jumbo.jpeg</path>
	<source>
		<database>Unknown</database>
	</source>
	<size>
		<width>1024</width>
		<height>952</height>
		<depth>1</depth>
	</size>
	<segmented>0</segmented>
	<object>
		<name>cancer</name>
		<pose>Unspecified</pose>
		<truncated>0</truncated>
		<difficult>0</difficult>
		<bndbox>
			<xmin>135</xmin>
			<ymin>190</ymin>
			<xmax>420</xmax>
			<ymax>765</ymax>
		</bndbox>
	</object>
	<object>
		<name>cancer</name>
		<pose>Unspecified</pose>
		<truncated>0</truncated>
		<difficult>0</difficult>
		<bndbox>
			<xmin>583</xmin>
			<ymin>136</ymin>
			<xmax>933</xmax>
			<ymax>755</ymax>
		</bndbox>
	</object>
</annotation>
