<annotation>
	<folder>cancer</folder>
	<filename>158e9fd44cbf27ee69a71066aaacc9_jumbo.jpeg</filename>
	<path>/home/esmailelbob/Downloads/IBM/cancer/158e9fd44cbf27ee69a71066aaacc9_jumbo.jpeg</path>
	<source>
		<database>Unknown</database>
	</source>
	<size>
		<width>1024</width>
		<height>537</height>
		<depth>1</depth>
	</size>
	<segmented>0</segmented>
	<object>
		<name>cancer</name>
		<pose>Unspecified</pose>
		<truncated>0</truncated>
		<difficult>0</difficult>
		<bndbox>
			<xmin>118</xmin>
			<ymin>16</ymin>
			<xmax>420</xmax>
			<ymax>402</ymax>
		</bndbox>
	</object>
	<object>
		<name>cancer</name>
		<pose>Unspecified</pose>
		<truncated>0</truncated>
		<difficult>0</difficult>
		<bndbox>
			<xmin>610</xmin>
			<ymin>27</ymin>
			<xmax>883</xmax>
			<ymax>458</ymax>
		</bndbox>
	</object>
</annotation>
