<annotation>
	<folder>cancer</folder>
	<filename>2412b38afe2934ca255f6876cab3c5_jumbo.jpg</filename>
	<path>/home/esmailelbob/Downloads/IBM/cancer/2412b38afe2934ca255f6876cab3c5_jumbo.jpg</path>
	<source>
		<database>Unknown</database>
	</source>
	<size>
		<width>1024</width>
		<height>842</height>
		<depth>1</depth>
	</size>
	<segmented>0</segmented>
	<object>
		<name>cancer</name>
		<pose>Unspecified</pose>
		<truncated>0</truncated>
		<difficult>0</difficult>
		<bndbox>
			<xmin>210</xmin>
			<ymin>146</ymin>
			<xmax>441</xmax>
			<ymax>660</ymax>
		</bndbox>
	</object>
</annotation>
