<annotation>
	<folder>cancer</folder>
	<filename>2655e4cb58661010571fb7748d49d5_jumbo.jpg</filename>
	<path>/home/esmailelbob/Downloads/IBM/cancer/2655e4cb58661010571fb7748d49d5_jumbo.jpg</path>
	<source>
		<database>Unknown</database>
	</source>
	<size>
		<width>1024</width>
		<height>892</height>
		<depth>1</depth>
	</size>
	<segmented>0</segmented>
	<object>
		<name>cancer</name>
		<pose>Unspecified</pose>
		<truncated>0</truncated>
		<difficult>0</difficult>
		<bndbox>
			<xmin>160</xmin>
			<ymin>112</ymin>
			<xmax>462</xmax>
			<ymax>650</ymax>
		</bndbox>
	</object>
	<object>
		<name>cancer</name>
		<pose>Unspecified</pose>
		<truncated>0</truncated>
		<difficult>0</difficult>
		<bndbox>
			<xmin>539</xmin>
			<ymin>91</ymin>
			<xmax>856</xmax>
			<ymax>652</ymax>
		</bndbox>
	</object>
</annotation>
