<annotation>
	<folder>cancer</folder>
	<filename>265d4302aef3ae67ca90f5595b016d_jumbo.jpg</filename>
	<path>/home/esmailelbob/Downloads/IBM/cancer/265d4302aef3ae67ca90f5595b016d_jumbo.jpg</path>
	<source>
		<database>Unknown</database>
	</source>
	<size>
		<width>1024</width>
		<height>904</height>
		<depth>1</depth>
	</size>
	<segmented>0</segmented>
	<object>
		<name>cancer</name>
		<pose>Unspecified</pose>
		<truncated>0</truncated>
		<difficult>0</difficult>
		<bndbox>
			<xmin>143</xmin>
			<ymin>187</ymin>
			<xmax>410</xmax>
			<ymax>695</ymax>
		</bndbox>
	</object>
	<object>
		<name>cancer</name>
		<pose>Unspecified</pose>
		<truncated>0</truncated>
		<difficult>0</difficult>
		<bndbox>
			<xmin>618</xmin>
			<ymin>156</ymin>
			<xmax>897</xmax>
			<ymax>699</ymax>
		</bndbox>
	</object>
</annotation>
