<annotation>
	<folder>cancer</folder>
	<filename>30233ffd3e9b8800e6f8b835c0a7bd_jumbo.jpg</filename>
	<path>/home/esmailelbob/Downloads/IBM/cancer/30233ffd3e9b8800e6f8b835c0a7bd_jumbo.jpg</path>
	<source>
		<database>Unknown</database>
	</source>
	<size>
		<width>1001</width>
		<height>1024</height>
		<depth>1</depth>
	</size>
	<segmented>0</segmented>
	<object>
		<name>cancer</name>
		<pose>Unspecified</pose>
		<truncated>0</truncated>
		<difficult>0</difficult>
		<bndbox>
			<xmin>235</xmin>
			<ymin>155</ymin>
			<xmax>814</xmax>
			<ymax>902</ymax>
		</bndbox>
	</object>
</annotation>
