<annotation>
	<folder>cancer</folder>
	<filename>304bb9f02a8432b346b131b62c2139_jumbo.jpeg</filename>
	<path>/home/esmailelbob/Downloads/IBM/cancer/304bb9f02a8432b346b131b62c2139_jumbo.jpeg</path>
	<source>
		<database>Unknown</database>
	</source>
	<size>
		<width>1024</width>
		<height>1017</height>
		<depth>1</depth>
	</size>
	<segmented>0</segmented>
	<object>
		<name>cancer</name>
		<pose>Unspecified</pose>
		<truncated>0</truncated>
		<difficult>0</difficult>
		<bndbox>
			<xmin>181</xmin>
			<ymin>241</ymin>
			<xmax>466</xmax>
			<ymax>713</ymax>
		</bndbox>
	</object>
</annotation>
