<annotation>
	<folder>cancer</folder>
	<filename>403e19ff455df0bbb00b053100e811_jumbo.jpeg</filename>
	<path>/home/esmailelbob/Downloads/IBM/cancer/403e19ff455df0bbb00b053100e811_jumbo.jpeg</path>
	<source>
		<database>Unknown</database>
	</source>
	<size>
		<width>1024</width>
		<height>951</height>
		<depth>1</depth>
	</size>
	<segmented>0</segmented>
	<object>
		<name>cancer</name>
		<pose>Unspecified</pose>
		<truncated>0</truncated>
		<difficult>0</difficult>
		<bndbox>
			<xmin>595</xmin>
			<ymin>225</ymin>
			<xmax>931</xmax>
			<ymax>801</ymax>
		</bndbox>
	</object>
</annotation>
