<annotation>
	<folder>cancer</folder>
	<filename>421f9848a9172c430e85c2891710c7_jumbo.jpeg</filename>
	<path>/home/esmailelbob/Downloads/IBM/cancer/421f9848a9172c430e85c2891710c7_jumbo.jpeg</path>
	<source>
		<database>Unknown</database>
	</source>
	<size>
		<width>1024</width>
		<height>943</height>
		<depth>1</depth>
	</size>
	<segmented>0</segmented>
	<object>
		<name>cancer</name>
		<pose>Unspecified</pose>
		<truncated>0</truncated>
		<difficult>0</difficult>
		<bndbox>
			<xmin>10</xmin>
			<ymin>185</ymin>
			<xmax>435</xmax>
			<ymax>838</ymax>
		</bndbox>
	</object>
	<object>
		<name>cancer</name>
		<pose>Unspecified</pose>
		<truncated>0</truncated>
		<difficult>0</difficult>
		<bndbox>
			<xmin>574</xmin>
			<ymin>168</ymin>
			<xmax>954</xmax>
			<ymax>778</ymax>
		</bndbox>
	</object>
</annotation>
