<annotation>
	<folder>cancer</folder>
	<filename>44b772948175fe469ed6a541383a04_jumbo.jpeg</filename>
	<path>/home/esmailelbob/Downloads/IBM/cancer/44b772948175fe469ed6a541383a04_jumbo.jpeg</path>
	<source>
		<database>Unknown</database>
	</source>
	<size>
		<width>1024</width>
		<height>942</height>
		<depth>1</depth>
	</size>
	<segmented>0</segmented>
	<object>
		<name>cancer</name>
		<pose>Unspecified</pose>
		<truncated>0</truncated>
		<difficult>0</difficult>
		<bndbox>
			<xmin>516</xmin>
			<ymin>208</ymin>
			<xmax>897</xmax>
			<ymax>746</ymax>
		</bndbox>
	</object>
</annotation>
