<annotation>
	<folder>cancer</folder>
	<filename>4670f1d60e3b4159fca4edfa949abc_jumbo.jpeg</filename>
	<path>/home/esmailelbob/Downloads/IBM/cancer/4670f1d60e3b4159fca4edfa949abc_jumbo.jpeg</path>
	<source>
		<database>Unknown</database>
	</source>
	<size>
		<width>1024</width>
		<height>926</height>
		<depth>1</depth>
	</size>
	<segmented>0</segmented>
	<object>
		<name>cancer</name>
		<pose>Unspecified</pose>
		<truncated>0</truncated>
		<difficult>0</difficult>
		<bndbox>
			<xmin>137</xmin>
			<ymin>94</ymin>
			<xmax>447</xmax>
			<ymax>750</ymax>
		</bndbox>
	</object>
	<object>
		<name>cancer</name>
		<pose>Unspecified</pose>
		<truncated>0</truncated>
		<difficult>0</difficult>
		<bndbox>
			<xmin>629</xmin>
			<ymin>167</ymin>
			<xmax>931</xmax>
			<ymax>723</ymax>
		</bndbox>
	</object>
</annotation>
