<annotation>
	<folder>cancer</folder>
	<filename>47aa4f3e68d8d774c9624920a9d1d4_jumbo.jpeg</filename>
	<path>/home/esmailelbob/Downloads/IBM/cancer/47aa4f3e68d8d774c9624920a9d1d4_jumbo.jpeg</path>
	<source>
		<database>Unknown</database>
	</source>
	<size>
		<width>934</width>
		<height>1024</height>
		<depth>1</depth>
	</size>
	<segmented>0</segmented>
	<object>
		<name>cancer</name>
		<pose>Unspecified</pose>
		<truncated>0</truncated>
		<difficult>0</difficult>
		<bndbox>
			<xmin>116</xmin>
			<ymin>204</ymin>
			<xmax>403</xmax>
			<ymax>761</ymax>
		</bndbox>
	</object>
	<object>
		<name>cancer</name>
		<pose>Unspecified</pose>
		<truncated>0</truncated>
		<difficult>0</difficult>
		<bndbox>
			<xmin>595</xmin>
			<ymin>244</ymin>
			<xmax>829</xmax>
			<ymax>574</ymax>
		</bndbox>
	</object>
</annotation>
