<annotation>
	<folder>cancer</folder>
	<filename>4da77a568859e2af9f042a49548b4c_jumbo.jpeg</filename>
	<path>/home/esmailelbob/Downloads/IBM/cancer/4da77a568859e2af9f042a49548b4c_jumbo.jpeg</path>
	<source>
		<database>Unknown</database>
	</source>
	<size>
		<width>1024</width>
		<height>829</height>
		<depth>1</depth>
	</size>
	<segmented>0</segmented>
	<object>
		<name>cancer</name>
		<pose>Unspecified</pose>
		<truncated>0</truncated>
		<difficult>0</difficult>
		<bndbox>
			<xmin>635</xmin>
			<ymin>126</ymin>
			<xmax>856</xmax>
			<ymax>585</ymax>
		</bndbox>
	</object>
</annotation>
