<annotation>
	<folder>cancer</folder>
	<filename>4e0721d4342f703d9386cb216db9e2_jumbo.jpg</filename>
	<path>/home/esmailelbob/Downloads/IBM/cancer/4e0721d4342f703d9386cb216db9e2_jumbo.jpg</path>
	<source>
		<database>Unknown</database>
	</source>
	<size>
		<width>1024</width>
		<height>1024</height>
		<depth>1</depth>
	</size>
	<segmented>0</segmented>
	<object>
		<name>cancer</name>
		<pose>Unspecified</pose>
		<truncated>0</truncated>
		<difficult>0</difficult>
		<bndbox>
			<xmin>587</xmin>
			<ymin>157</ymin>
			<xmax>918</xmax>
			<ymax>664</ymax>
		</bndbox>
	</object>
	<object>
		<name>cancer</name>
		<pose>Unspecified</pose>
		<truncated>0</truncated>
		<difficult>0</difficult>
		<bndbox>
			<xmin>158</xmin>
			<ymin>234</ymin>
			<xmax>439</xmax>
			<ymax>851</ymax>
		</bndbox>
	</object>
</annotation>
