<annotation>
	<folder>cancer</folder>
	<filename>4ff770338e28ba25c6cfd932042a09_jumbo.jpeg</filename>
	<path>/home/esmailelbob/Downloads/IBM/cancer/4ff770338e28ba25c6cfd932042a09_jumbo.jpeg</path>
	<source>
		<database>Unknown</database>
	</source>
	<size>
		<width>1012</width>
		<height>1024</height>
		<depth>1</depth>
	</size>
	<segmented>0</segmented>
	<object>
		<name>cancer</name>
		<pose>Unspecified</pose>
		<truncated>0</truncated>
		<difficult>0</difficult>
		<bndbox>
			<xmin>279</xmin>
			<ymin>173</ymin>
			<xmax>799</xmax>
			<ymax>841</ymax>
		</bndbox>
	</object>
</annotation>
