<annotation>
	<folder>cancer</folder>
	<filename>530589ddcd53f8bf093f39cf4e78d3_jumbo.jpeg</filename>
	<path>/home/esmailelbob/Downloads/IBM/cancer/530589ddcd53f8bf093f39cf4e78d3_jumbo.jpeg</path>
	<source>
		<database>Unknown</database>
	</source>
	<size>
		<width>894</width>
		<height>1024</height>
		<depth>1</depth>
	</size>
	<segmented>0</segmented>
	<object>
		<name>cancer</name>
		<pose>Unspecified</pose>
		<truncated>0</truncated>
		<difficult>0</difficult>
		<bndbox>
			<xmin>205</xmin>
			<ymin>292</ymin>
			<xmax>723</xmax>
			<ymax>708</ymax>
		</bndbox>
	</object>
</annotation>
