<annotation>
	<folder>cancer</folder>
	<filename>5330d3573b6bc37eacbbb2f4148319_jumbo.jpg</filename>
	<path>/home/esmailelbob/Downloads/IBM/cancer/5330d3573b6bc37eacbbb2f4148319_jumbo.jpg</path>
	<source>
		<database>Unknown</database>
	</source>
	<size>
		<width>1024</width>
		<height>904</height>
		<depth>3</depth>
	</size>
	<segmented>0</segmented>
	<object>
		<name>cancer</name>
		<pose>Unspecified</pose>
		<truncated>0</truncated>
		<difficult>0</difficult>
		<bndbox>
			<xmin>637</xmin>
			<ymin>591</ymin>
			<xmax>835</xmax>
			<ymax>787</ymax>
		</bndbox>
	</object>
</annotation>
