<annotation>
	<folder>cancer</folder>
	<filename>5726748ced939a9449d1653b99a71c_jumbo.jpg</filename>
	<path>/home/esmailelbob/Downloads/IBM/cancer/5726748ced939a9449d1653b99a71c_jumbo.jpg</path>
	<source>
		<database>Unknown</database>
	</source>
	<size>
		<width>1024</width>
		<height>1024</height>
		<depth>1</depth>
	</size>
	<segmented>0</segmented>
	<object>
		<name>cancer</name>
		<pose>Unspecified</pose>
		<truncated>0</truncated>
		<difficult>0</difficult>
		<bndbox>
			<xmin>239</xmin>
			<ymin>222</ymin>
			<xmax>704</xmax>
			<ymax>787</ymax>
		</bndbox>
	</object>
</annotation>
