<annotation>
	<folder>cancer</folder>
	<filename>59bd77756f3389303ac472738db88b_jumbo.jpeg</filename>
	<path>/home/esmailelbob/Downloads/IBM/cancer/59bd77756f3389303ac472738db88b_jumbo.jpeg</path>
	<source>
		<database>Unknown</database>
	</source>
	<size>
		<width>949</width>
		<height>1024</height>
		<depth>1</depth>
	</size>
	<segmented>0</segmented>
	<object>
		<name>cancer</name>
		<pose>Unspecified</pose>
		<truncated>0</truncated>
		<difficult>0</difficult>
		<bndbox>
			<xmin>70</xmin>
			<ymin>258</ymin>
			<xmax>410</xmax>
			<ymax>956</ymax>
		</bndbox>
	</object>
</annotation>
