<annotation>
	<folder>cancer</folder>
	<filename>5eed4b1a2e7c90273646921a095c50_jumbo.jpg</filename>
	<path>/home/esmailelbob/Downloads/IBM/cancer/5eed4b1a2e7c90273646921a095c50_jumbo.jpg</path>
	<source>
		<database>Unknown</database>
	</source>
	<size>
		<width>986</width>
		<height>1024</height>
		<depth>1</depth>
	</size>
	<segmented>0</segmented>
	<object>
		<name>cancer</name>
		<pose>Unspecified</pose>
		<truncated>0</truncated>
		<difficult>0</difficult>
		<bndbox>
			<xmin>563</xmin>
			<ymin>104</ymin>
			<xmax>869</xmax>
			<ymax>682</ymax>
		</bndbox>
	</object>
	<object>
		<name>cancer</name>
		<pose>Unspecified</pose>
		<truncated>0</truncated>
		<difficult>0</difficult>
		<bndbox>
			<xmin>83</xmin>
			<ymin>256</ymin>
			<xmax>409</xmax>
			<ymax>904</ymax>
		</bndbox>
	</object>
</annotation>
