<annotation>
	<folder>cancer</folder>
	<filename>5f3ccb7843ef1c740151840a0c174e_jumbo.jpg</filename>
	<path>/home/esmailelbob/Downloads/IBM/cancer/5f3ccb7843ef1c740151840a0c174e_jumbo.jpg</path>
	<source>
		<database>Unknown</database>
	</source>
	<size>
		<width>1024</width>
		<height>1024</height>
		<depth>1</depth>
	</size>
	<segmented>0</segmented>
	<object>
		<name>cancer</name>
		<pose>Unspecified</pose>
		<truncated>0</truncated>
		<difficult>0</difficult>
		<bndbox>
			<xmin>110</xmin>
			<ymin>212</ymin>
			<xmax>433</xmax>
			<ymax>920</ymax>
		</bndbox>
	</object>
	<object>
		<name>cancer</name>
		<pose>Unspecified</pose>
		<truncated>0</truncated>
		<difficult>0</difficult>
		<bndbox>
			<xmin>543</xmin>
			<ymin>126</ymin>
			<xmax>914</xmax>
			<ymax>826</ymax>
		</bndbox>
	</object>
</annotation>
