<annotation>
	<folder>cancer</folder>
	<filename>677bc67a76d76ddc1575f4f32ad335_jumbo.jpeg</filename>
	<path>/home/esmailelbob/Downloads/IBM/cancer/677bc67a76d76ddc1575f4f32ad335_jumbo.jpeg</path>
	<source>
		<database>Unknown</database>
	</source>
	<size>
		<width>885</width>
		<height>1024</height>
		<depth>1</depth>
	</size>
	<segmented>0</segmented>
	<object>
		<name>cancer</name>
		<pose>Unspecified</pose>
		<truncated>0</truncated>
		<difficult>0</difficult>
		<bndbox>
			<xmin>98</xmin>
			<ymin>199</ymin>
			<xmax>387</xmax>
			<ymax>689</ymax>
		</bndbox>
	</object>
	<object>
		<name>cancer</name>
		<pose>Unspecified</pose>
		<truncated>0</truncated>
		<difficult>0</difficult>
		<bndbox>
			<xmin>544</xmin>
			<ymin>217</ymin>
			<xmax>796</xmax>
			<ymax>548</ymax>
		</bndbox>
	</object>
</annotation>
