<annotation>
	<folder>cancer</folder>
	<filename>6988a3d7a3e303b2b8a41e9f3e59e1_jumbo.jpeg</filename>
	<path>/home/esmailelbob/Downloads/IBM/cancer/6988a3d7a3e303b2b8a41e9f3e59e1_jumbo.jpeg</path>
	<source>
		<database>Unknown</database>
	</source>
	<size>
		<width>1024</width>
		<height>994</height>
		<depth>1</depth>
	</size>
	<segmented>0</segmented>
	<object>
		<name>cancer</name>
		<pose>Unspecified</pose>
		<truncated>0</truncated>
		<difficult>0</difficult>
		<bndbox>
			<xmin>151</xmin>
			<ymin>188</ymin>
			<xmax>449</xmax>
			<ymax>836</ymax>
		</bndbox>
	</object>
</annotation>
