<annotation>
	<folder>cancer</folder>
	<filename>69c8053a51714e106bf18637f674a0_jumbo.jpeg</filename>
	<path>/home/esmailelbob/Downloads/IBM/cancer/69c8053a51714e106bf18637f674a0_jumbo.jpeg</path>
	<source>
		<database>Unknown</database>
	</source>
	<size>
		<width>1024</width>
		<height>991</height>
		<depth>1</depth>
	</size>
	<segmented>0</segmented>
	<object>
		<name>cancer</name>
		<pose>Unspecified</pose>
		<truncated>0</truncated>
		<difficult>0</difficult>
		<bndbox>
			<xmin>122</xmin>
			<ymin>225</ymin>
			<xmax>404</xmax>
			<ymax>789</ymax>
		</bndbox>
	</object>
	<object>
		<name>cancer</name>
		<pose>Unspecified</pose>
		<truncated>0</truncated>
		<difficult>0</difficult>
		<bndbox>
			<xmin>526</xmin>
			<ymin>306</ymin>
			<xmax>899</xmax>
			<ymax>816</ymax>
		</bndbox>
	</object>
</annotation>
