<annotation>
	<folder>cancer</folder>
	<filename>6bce2445c958ef00153f65843c4beb_jumbo.jpeg</filename>
	<path>/home/esmailelbob/Downloads/IBM/cancer/6bce2445c958ef00153f65843c4beb_jumbo.jpeg</path>
	<source>
		<database>Unknown</database>
	</source>
	<size>
		<width>1024</width>
		<height>926</height>
		<depth>3</depth>
	</size>
	<segmented>0</segmented>
	<object>
		<name>cancer</name>
		<pose>Unspecified</pose>
		<truncated>0</truncated>
		<difficult>0</difficult>
		<bndbox>
			<xmin>93</xmin>
			<ymin>175</ymin>
			<xmax>418</xmax>
			<ymax>625</ymax>
		</bndbox>
	</object>
	<object>
		<name>cancer</name>
		<pose>Unspecified</pose>
		<truncated>0</truncated>
		<difficult>0</difficult>
		<bndbox>
			<xmin>529</xmin>
			<ymin>75</ymin>
			<xmax>799</xmax>
			<ymax>675</ymax>
		</bndbox>
	</object>
</annotation>
