<annotation>
	<folder>cancer</folder>
	<filename>6d7c5028931d7987f75f9fc00b7cab_jumbo.jpg</filename>
	<path>/home/esmailelbob/Downloads/IBM/cancer/6d7c5028931d7987f75f9fc00b7cab_jumbo.jpg</path>
	<source>
		<database>Unknown</database>
	</source>
	<size>
		<width>792</width>
		<height>1024</height>
		<depth>1</depth>
	</size>
	<segmented>0</segmented>
	<object>
		<name>cancer</name>
		<pose>Unspecified</pose>
		<truncated>0</truncated>
		<difficult>0</difficult>
		<bndbox>
			<xmin>101</xmin>
			<ymin>200</ymin>
			<xmax>357</xmax>
			<ymax>728</ymax>
		</bndbox>
	</object>
	<object>
		<name>cancer</name>
		<pose>Unspecified</pose>
		<truncated>0</truncated>
		<difficult>0</difficult>
		<bndbox>
			<xmin>461</xmin>
			<ymin>131</ymin>
			<xmax>722</xmax>
			<ymax>512</ymax>
		</bndbox>
	</object>
</annotation>
