<annotation>
	<folder>cancer</folder>
	<filename>79a664011571164beb4ab236ad1cd8_jumbo.jpeg</filename>
	<path>/home/esmailelbob/Downloads/IBM/cancer/79a664011571164beb4ab236ad1cd8_jumbo.jpeg</path>
	<source>
		<database>Unknown</database>
	</source>
	<size>
		<width>1024</width>
		<height>926</height>
		<depth>1</depth>
	</size>
	<segmented>0</segmented>
	<object>
		<name>cancer</name>
		<pose>Unspecified</pose>
		<truncated>0</truncated>
		<difficult>0</difficult>
		<bndbox>
			<xmin>154</xmin>
			<ymin>179</ymin>
			<xmax>447</xmax>
			<ymax>731</ymax>
		</bndbox>
	</object>
	<object>
		<name>cancer</name>
		<pose>Unspecified</pose>
		<truncated>0</truncated>
		<difficult>0</difficult>
		<bndbox>
			<xmin>610</xmin>
			<ymin>123</ymin>
			<xmax>876</xmax>
			<ymax>642</ymax>
		</bndbox>
	</object>
</annotation>
