<annotation>
	<folder>cancer</folder>
	<filename>7de1e1ddd12abf78340eb45d86f610_jumbo.jpeg</filename>
	<path>/home/esmailelbob/Downloads/IBM/cancer/7de1e1ddd12abf78340eb45d86f610_jumbo.jpeg</path>
	<source>
		<database>Unknown</database>
	</source>
	<size>
		<width>1024</width>
		<height>1024</height>
		<depth>1</depth>
	</size>
	<segmented>0</segmented>
	<object>
		<name>cancer</name>
		<pose>Unspecified</pose>
		<truncated>0</truncated>
		<difficult>0</difficult>
		<bndbox>
			<xmin>101</xmin>
			<ymin>253</ymin>
			<xmax>366</xmax>
			<ymax>732</ymax>
		</bndbox>
	</object>
</annotation>
