<annotation>
	<folder>cancer</folder>
	<filename>84ae73dc22e2b981fd3805a6d09732_jumbo.jpg</filename>
	<path>/home/esmailelbob/Downloads/IBM/cancer/84ae73dc22e2b981fd3805a6d09732_jumbo.jpg</path>
	<source>
		<database>Unknown</database>
	</source>
	<size>
		<width>0</width>
		<height>0</height>
		<depth>3</depth>
	</size>
	<segmented>0</segmented>
	<object>
		<name>cancer</name>
		<pose>Unspecified</pose>
		<truncated>0</truncated>
		<difficult>0</difficult>
		<bndbox>
			<xmin>183</xmin>
			<ymin>306</ymin>
			<xmax>652</xmax>
			<ymax>841</ymax>
		</bndbox>
	</object>
</annotation>
