<annotation>
	<folder>cancer</folder>
	<filename>867a236efe5b56bc53e4ac4c79782c_jumbo.jpeg</filename>
	<path>/home/esmailelbob/Downloads/IBM/cancer/867a236efe5b56bc53e4ac4c79782c_jumbo.jpeg</path>
	<source>
		<database>Unknown</database>
	</source>
	<size>
		<width>1024</width>
		<height>997</height>
		<depth>1</depth>
	</size>
	<segmented>0</segmented>
	<object>
		<name>cancer</name>
		<pose>Unspecified</pose>
		<truncated>0</truncated>
		<difficult>0</difficult>
		<bndbox>
			<xmin>135</xmin>
			<ymin>213</ymin>
			<xmax>518</xmax>
			<ymax>759</ymax>
		</bndbox>
	</object>
</annotation>
