<annotation>
	<folder>cancer</folder>
	<filename>8a28003cc78f3549ac9f436dfe7dad_jumbo.jpeg</filename>
	<path>/home/esmailelbob/Downloads/IBM/cancer/8a28003cc78f3549ac9f436dfe7dad_jumbo.jpeg</path>
	<source>
		<database>Unknown</database>
	</source>
	<size>
		<width>1024</width>
		<height>901</height>
		<depth>1</depth>
	</size>
	<segmented>0</segmented>
	<object>
		<name>cancer</name>
		<pose>Unspecified</pose>
		<truncated>0</truncated>
		<difficult>0</difficult>
		<bndbox>
			<xmin>195</xmin>
			<ymin>177</ymin>
			<xmax>574</xmax>
			<ymax>726</ymax>
		</bndbox>
	</object>
	<object>
		<name>cancer</name>
		<pose>Unspecified</pose>
		<truncated>0</truncated>
		<difficult>0</difficult>
		<bndbox>
			<xmin>572</xmin>
			<ymin>266</ymin>
			<xmax>914</xmax>
			<ymax>688</ymax>
		</bndbox>
	</object>
</annotation>
