<annotation>
	<folder>cancer</folder>
	<filename>966fef2fbb14226e24bb15d4e7f92c_jumbo.jpeg</filename>
	<path>/home/esmailelbob/Downloads/IBM/cancer/966fef2fbb14226e24bb15d4e7f92c_jumbo.jpeg</path>
	<source>
		<database>Unknown</database>
	</source>
	<size>
		<width>1000</width>
		<height>1024</height>
		<depth>1</depth>
	</size>
	<segmented>0</segmented>
	<object>
		<name>cancer</name>
		<pose>Unspecified</pose>
		<truncated>0</truncated>
		<difficult>0</difficult>
		<bndbox>
			<xmin>62</xmin>
			<ymin>236</ymin>
			<xmax>364</xmax>
			<ymax>728</ymax>
		</bndbox>
	</object>
	<object>
		<name>cancer</name>
		<pose>Unspecified</pose>
		<truncated>0</truncated>
		<difficult>0</difficult>
		<bndbox>
			<xmin>570</xmin>
			<ymin>172</ymin>
			<xmax>936</xmax>
			<ymax>762</ymax>
		</bndbox>
	</object>
</annotation>
