<annotation>
	<folder>cancer</folder>
	<filename>984b8a8404a6e4c372096a41254eeb_jumbo.jpeg</filename>
	<path>/home/esmailelbob/Downloads/IBM/cancer/984b8a8404a6e4c372096a41254eeb_jumbo.jpeg</path>
	<source>
		<database>Unknown</database>
	</source>
	<size>
		<width>917</width>
		<height>1024</height>
		<depth>1</depth>
	</size>
	<segmented>0</segmented>
	<object>
		<name>cancer</name>
		<pose>Unspecified</pose>
		<truncated>0</truncated>
		<difficult>0</difficult>
		<bndbox>
			<xmin>117</xmin>
			<ymin>208</ymin>
			<xmax>404</xmax>
			<ymax>708</ymax>
		</bndbox>
	</object>
	<object>
		<name>cancer</name>
		<pose>Unspecified</pose>
		<truncated>0</truncated>
		<difficult>0</difficult>
		<bndbox>
			<xmin>536</xmin>
			<ymin>187</ymin>
			<xmax>786</xmax>
			<ymax>630</ymax>
		</bndbox>
	</object>
</annotation>
