<annotation>
	<folder>cancer</folder>
	<filename>9d07ac96c8ff97034fa01b8dc4c182_jumbo.jpg</filename>
	<path>/home/esmailelbob/Downloads/IBM/cancer/9d07ac96c8ff97034fa01b8dc4c182_jumbo.jpg</path>
	<source>
		<database>Unknown</database>
	</source>
	<size>
		<width>1024</width>
		<height>842</height>
		<depth>1</depth>
	</size>
	<segmented>0</segmented>
	<object>
		<name>cancer</name>
		<pose>Unspecified</pose>
		<truncated>0</truncated>
		<difficult>0</difficult>
		<bndbox>
			<xmin>218</xmin>
			<ymin>225</ymin>
			<xmax>566</xmax>
			<ymax>518</ymax>
		</bndbox>
	</object>
</annotation>
