<annotation>
	<folder>cancer</folder>
	<filename>9eee179bae204d83612ead3d162e49_jumbo.jpeg</filename>
	<path>/home/esmailelbob/Downloads/IBM/cancer/9eee179bae204d83612ead3d162e49_jumbo.jpeg</path>
	<source>
		<database>Unknown</database>
	</source>
	<size>
		<width>990</width>
		<height>1024</height>
		<depth>1</depth>
	</size>
	<segmented>0</segmented>
	<object>
		<name>cancer</name>
		<pose>Unspecified</pose>
		<truncated>0</truncated>
		<difficult>0</difficult>
		<bndbox>
			<xmin>87</xmin>
			<ymin>280</ymin>
			<xmax>421</xmax>
			<ymax>800</ymax>
		</bndbox>
	</object>
	<object>
		<name>cancer</name>
		<pose>Unspecified</pose>
		<truncated>0</truncated>
		<difficult>0</difficult>
		<bndbox>
			<xmin>593</xmin>
			<ymin>310</ymin>
			<xmax>925</xmax>
			<ymax>850</ymax>
		</bndbox>
	</object>
</annotation>
