<annotation>
	<folder>cancer</folder>
	<filename>a0111a6d1dbb102434aded82734a91_jumbo.jpeg</filename>
	<path>/home/esmailelbob/Downloads/IBM/cancer/a0111a6d1dbb102434aded82734a91_jumbo.jpeg</path>
	<source>
		<database>Unknown</database>
	</source>
	<size>
		<width>1024</width>
		<height>921</height>
		<depth>3</depth>
	</size>
	<segmented>0</segmented>
	<object>
		<name>cancer</name>
		<pose>Unspecified</pose>
		<truncated>0</truncated>
		<difficult>0</difficult>
		<bndbox>
			<xmin>131</xmin>
			<ymin>243</ymin>
			<xmax>395</xmax>
			<ymax>727</ymax>
		</bndbox>
	</object>
	<object>
		<name>cancer</name>
		<pose>Unspecified</pose>
		<truncated>0</truncated>
		<difficult>0</difficult>
		<bndbox>
			<xmin>604</xmin>
			<ymin>212</ymin>
			<xmax>939</xmax>
			<ymax>698</ymax>
		</bndbox>
	</object>
</annotation>
