<annotation>
	<folder>cancer</folder>
	<filename>a0646489db9a6344052673b1f7629b_jumbo.jpeg</filename>
	<path>/home/esmailelbob/Downloads/IBM/cancer/a0646489db9a6344052673b1f7629b_jumbo.jpeg</path>
	<source>
		<database>Unknown</database>
	</source>
	<size>
		<width>1024</width>
		<height>1024</height>
		<depth>1</depth>
	</size>
	<segmented>0</segmented>
	<object>
		<name>cancer</name>
		<pose>Unspecified</pose>
		<truncated>0</truncated>
		<difficult>0</difficult>
		<bndbox>
			<xmin>285</xmin>
			<ymin>332</ymin>
			<xmax>522</xmax>
			<ymax>774</ymax>
		</bndbox>
	</object>
	<object>
		<name>cancer</name>
		<pose>Unspecified</pose>
		<truncated>0</truncated>
		<difficult>0</difficult>
		<bndbox>
			<xmin>666</xmin>
			<ymin>299</ymin>
			<xmax>933</xmax>
			<ymax>639</ymax>
		</bndbox>
	</object>
</annotation>
