<annotation>
	<folder>cancer</folder>
	<filename>a297fed298bbd63fa5fd966c5ee89d_jumbo.jpg</filename>
	<path>/home/esmailelbob/Downloads/IBM/cancer/a297fed298bbd63fa5fd966c5ee89d_jumbo.jpg</path>
	<source>
		<database>Unknown</database>
	</source>
	<size>
		<width>765</width>
		<height>1024</height>
		<depth>1</depth>
	</size>
	<segmented>0</segmented>
	<object>
		<name>cancer</name>
		<pose>Unspecified</pose>
		<truncated>0</truncated>
		<difficult>0</difficult>
		<bndbox>
			<xmin>187</xmin>
			<ymin>210</ymin>
			<xmax>536</xmax>
			<ymax>582</ymax>
		</bndbox>
	</object>
</annotation>
