<annotation>
	<folder>cancer</folder>
	<filename>b29ce4ec2ce7992682323274c446b8_jumbo.jpeg</filename>
	<path>/home/esmailelbob/Downloads/IBM/cancer/b29ce4ec2ce7992682323274c446b8_jumbo.jpeg</path>
	<source>
		<database>Unknown</database>
	</source>
	<size>
		<width>1024</width>
		<height>1024</height>
		<depth>1</depth>
	</size>
	<segmented>0</segmented>
	<object>
		<name>cancer</name>
		<pose>Unspecified</pose>
		<truncated>0</truncated>
		<difficult>0</difficult>
		<bndbox>
			<xmin>322</xmin>
			<ymin>237</ymin>
			<xmax>831</xmax>
			<ymax>768</ymax>
		</bndbox>
	</object>
</annotation>
