<annotation>
	<folder>cancer</folder>
	<filename>b983287110e279cf90ee18b1cfce8c_jumbo.jpeg</filename>
	<path>/home/esmailelbob/Downloads/IBM/cancer/b983287110e279cf90ee18b1cfce8c_jumbo.jpeg</path>
	<source>
		<database>Unknown</database>
	</source>
	<size>
		<width>1024</width>
		<height>894</height>
		<depth>1</depth>
	</size>
	<segmented>0</segmented>
	<object>
		<name>cancer</name>
		<pose>Unspecified</pose>
		<truncated>0</truncated>
		<difficult>0</difficult>
		<bndbox>
			<xmin>531</xmin>
			<ymin>305</ymin>
			<xmax>831</xmax>
			<ymax>788</ymax>
		</bndbox>
	</object>
</annotation>
