<annotation>
	<folder>cancer</folder>
	<filename>bb10d73968673cd1aa820948d87ff4_jumbo.jpeg</filename>
	<path>/home/esmailelbob/Downloads/IBM/cancer/bb10d73968673cd1aa820948d87ff4_jumbo.jpeg</path>
	<source>
		<database>Unknown</database>
	</source>
	<size>
		<width>1024</width>
		<height>903</height>
		<depth>1</depth>
	</size>
	<segmented>0</segmented>
	<object>
		<name>cancer</name>
		<pose>Unspecified</pose>
		<truncated>0</truncated>
		<difficult>0</difficult>
		<bndbox>
			<xmin>174</xmin>
			<ymin>183</ymin>
			<xmax>447</xmax>
			<ymax>727</ymax>
		</bndbox>
	</object>
</annotation>
