<annotation>
	<folder>cancer</folder>
	<filename>bd7d4c82c4c4935783eab50a4b3137_jumbo.jpeg</filename>
	<path>/home/esmailelbob/Downloads/IBM/cancer/bd7d4c82c4c4935783eab50a4b3137_jumbo.jpeg</path>
	<source>
		<database>Unknown</database>
	</source>
	<size>
		<width>1024</width>
		<height>1024</height>
		<depth>1</depth>
	</size>
	<segmented>0</segmented>
	<object>
		<name>cancer</name>
		<pose>Unspecified</pose>
		<truncated>0</truncated>
		<difficult>0</difficult>
		<bndbox>
			<xmin>222</xmin>
			<ymin>218</ymin>
			<xmax>497</xmax>
			<ymax>684</ymax>
		</bndbox>
	</object>
</annotation>
