<annotation>
	<folder>cancer</folder>
	<filename>c2ca2fae7b47842b9c4249d78f0993_jumbo.jpeg</filename>
	<path>/home/esmailelbob/Downloads/IBM/cancer/c2ca2fae7b47842b9c4249d78f0993_jumbo.jpeg</path>
	<source>
		<database>Unknown</database>
	</source>
	<size>
		<width>1022</width>
		<height>1024</height>
		<depth>1</depth>
	</size>
	<segmented>0</segmented>
	<object>
		<name>cancer</name>
		<pose>Unspecified</pose>
		<truncated>0</truncated>
		<difficult>0</difficult>
		<bndbox>
			<xmin>175</xmin>
			<ymin>118</ymin>
			<xmax>453</xmax>
			<ymax>682</ymax>
		</bndbox>
	</object>
	<object>
		<name>cancer</name>
		<pose>Unspecified</pose>
		<truncated>0</truncated>
		<difficult>0</difficult>
		<bndbox>
			<xmin>588</xmin>
			<ymin>203</ymin>
			<xmax>855</xmax>
			<ymax>797</ymax>
		</bndbox>
	</object>
</annotation>
