<annotation>
	<folder>cancer</folder>
	<filename>c9a51fa4638bbfd715925aac134afe_jumbo.jpg</filename>
	<path>/home/esmailelbob/Downloads/IBM/cancer/c9a51fa4638bbfd715925aac134afe_jumbo.jpg</path>
	<source>
		<database>Unknown</database>
	</source>
	<size>
		<width>1024</width>
		<height>1017</height>
		<depth>1</depth>
	</size>
	<segmented>0</segmented>
	<object>
		<name>cancer</name>
		<pose>Unspecified</pose>
		<truncated>0</truncated>
		<difficult>0</difficult>
		<bndbox>
			<xmin>212</xmin>
			<ymin>274</ymin>
			<xmax>504</xmax>
			<ymax>802</ymax>
		</bndbox>
	</object>
</annotation>
