<annotation>
	<folder>cancer</folder>
	<filename>cb7361afd8200bea32c84b67bd25e1_jumbo.jpeg</filename>
	<path>/home/esmailelbob/Downloads/IBM/cancer/cb7361afd8200bea32c84b67bd25e1_jumbo.jpeg</path>
	<source>
		<database>Unknown</database>
	</source>
	<size>
		<width>1024</width>
		<height>956</height>
		<depth>1</depth>
	</size>
	<segmented>0</segmented>
	<object>
		<name>cancer</name>
		<pose>Unspecified</pose>
		<truncated>0</truncated>
		<difficult>0</difficult>
		<bndbox>
			<xmin>576</xmin>
			<ymin>200</ymin>
			<xmax>874</xmax>
			<ymax>823</ymax>
		</bndbox>
	</object>
</annotation>
