<annotation>
	<folder>cancer</folder>
	<filename>cd830be48fcda281461f6841a08125_jumbo.jpg</filename>
	<path>/home/esmailelbob/Downloads/IBM/cancer/cd830be48fcda281461f6841a08125_jumbo.jpg</path>
	<source>
		<database>Unknown</database>
	</source>
	<size>
		<width>1024</width>
		<height>1024</height>
		<depth>1</depth>
	</size>
	<segmented>0</segmented>
	<object>
		<name>cancer</name>
		<pose>Unspecified</pose>
		<truncated>0</truncated>
		<difficult>0</difficult>
		<bndbox>
			<xmin>147</xmin>
			<ymin>139</ymin>
			<xmax>431</xmax>
			<ymax>847</ymax>
		</bndbox>
	</object>
	<object>
		<name>cancer</name>
		<pose>Unspecified</pose>
		<truncated>0</truncated>
		<difficult>0</difficult>
		<bndbox>
			<xmin>562</xmin>
			<ymin>209</ymin>
			<xmax>891</xmax>
			<ymax>780</ymax>
		</bndbox>
	</object>
</annotation>
