<annotation>
	<folder>cancer</folder>
	<filename>ce2684a4fb1ed5901a3974c361990e_jumbo.jpg</filename>
	<path>/home/esmailelbob/Downloads/IBM/cancer/ce2684a4fb1ed5901a3974c361990e_jumbo.jpg</path>
	<source>
		<database>Unknown</database>
	</source>
	<size>
		<width>1024</width>
		<height>1024</height>
		<depth>1</depth>
	</size>
	<segmented>0</segmented>
	<object>
		<name>cancer</name>
		<pose>Unspecified</pose>
		<truncated>0</truncated>
		<difficult>0</difficult>
		<bndbox>
			<xmin>156</xmin>
			<ymin>199</ymin>
			<xmax>437</xmax>
			<ymax>712</ymax>
		</bndbox>
	</object>
</annotation>
