<annotation>
	<folder>cancer</folder>
	<filename>d52cd201eb19f1ca9757962bca1624_jumbo.jpeg</filename>
	<path>/home/esmailelbob/Downloads/IBM/cancer/d52cd201eb19f1ca9757962bca1624_jumbo.jpeg</path>
	<source>
		<database>Unknown</database>
	</source>
	<size>
		<width>1024</width>
		<height>943</height>
		<depth>3</depth>
	</size>
	<segmented>0</segmented>
	<object>
		<name>cancer</name>
		<pose>Unspecified</pose>
		<truncated>0</truncated>
		<difficult>0</difficult>
		<bndbox>
			<xmin>76</xmin>
			<ymin>156</ymin>
			<xmax>406</xmax>
			<ymax>780</ymax>
		</bndbox>
	</object>
	<object>
		<name>cancer</name>
		<pose>Unspecified</pose>
		<truncated>0</truncated>
		<difficult>0</difficult>
		<bndbox>
			<xmin>620</xmin>
			<ymin>129</ymin>
			<xmax>943</xmax>
			<ymax>551</ymax>
		</bndbox>
	</object>
</annotation>
