<annotation>
	<folder>cancer</folder>
	<filename>d94bfc61c552ba6d43f41132a11e26_jumbo.jpg</filename>
	<path>/home/esmailelbob/Downloads/IBM/cancer/d94bfc61c552ba6d43f41132a11e26_jumbo.jpg</path>
	<source>
		<database>Unknown</database>
	</source>
	<size>
		<width>931</width>
		<height>1024</height>
		<depth>1</depth>
	</size>
	<segmented>0</segmented>
	<object>
		<name>cancer</name>
		<pose>Unspecified</pose>
		<truncated>0</truncated>
		<difficult>0</difficult>
		<bndbox>
			<xmin>72</xmin>
			<ymin>155</ymin>
			<xmax>408</xmax>
			<ymax>882</ymax>
		</bndbox>
	</object>
	<object>
		<name>cancer</name>
		<pose>Unspecified</pose>
		<truncated>0</truncated>
		<difficult>0</difficult>
		<bndbox>
			<xmin>548</xmin>
			<ymin>206</ymin>
			<xmax>876</xmax>
			<ymax>714</ymax>
		</bndbox>
	</object>
</annotation>
