<annotation>
	<folder>cancer</folder>
	<filename>dc0c861d793c44a23fa1773d36639d_jumbo.jpg</filename>
	<path>/home/esmailelbob/Downloads/IBM/cancer/dc0c861d793c44a23fa1773d36639d_jumbo.jpg</path>
	<source>
		<database>Unknown</database>
	</source>
	<size>
		<width>1024</width>
		<height>1024</height>
		<depth>1</depth>
	</size>
	<segmented>0</segmented>
	<object>
		<name>cancer</name>
		<pose>Unspecified</pose>
		<truncated>0</truncated>
		<difficult>0</difficult>
		<bndbox>
			<xmin>351</xmin>
			<ymin>147</ymin>
			<xmax>735</xmax>
			<ymax>776</ymax>
		</bndbox>
	</object>
</annotation>
