<annotation>
	<folder>cancer</folder>
	<filename>de6585359d7a2ea73328d430725510_jumbo.jpg</filename>
	<path>/home/esmailelbob/Downloads/IBM/cancer/de6585359d7a2ea73328d430725510_jumbo.jpg</path>
	<source>
		<database>Unknown</database>
	</source>
	<size>
		<width>1023</width>
		<height>806</height>
		<depth>1</depth>
	</size>
	<segmented>0</segmented>
	<object>
		<name>cancer</name>
		<pose>Unspecified</pose>
		<truncated>0</truncated>
		<difficult>0</difficult>
		<bndbox>
			<xmin>171</xmin>
			<ymin>119</ymin>
			<xmax>436</xmax>
			<ymax>692</ymax>
		</bndbox>
	</object>
	<object>
		<name>cancer</name>
		<pose>Unspecified</pose>
		<truncated>0</truncated>
		<difficult>0</difficult>
		<bndbox>
			<xmin>500</xmin>
			<ymin>119</ymin>
			<xmax>750</xmax>
			<ymax>565</ymax>
		</bndbox>
	</object>
</annotation>
