<annotation>
	<folder>cancer</folder>
	<filename>df30faf6b2d5fb150727f27cd4389c_jumbo.jpeg</filename>
	<path>/home/esmailelbob/Downloads/IBM/cancer/df30faf6b2d5fb150727f27cd4389c_jumbo.jpeg</path>
	<source>
		<database>Unknown</database>
	</source>
	<size>
		<width>896</width>
		<height>1024</height>
		<depth>1</depth>
	</size>
	<segmented>0</segmented>
	<object>
		<name>cancer</name>
		<pose>Unspecified</pose>
		<truncated>0</truncated>
		<difficult>0</difficult>
		<bndbox>
			<xmin>31</xmin>
			<ymin>157</ymin>
			<xmax>437</xmax>
			<ymax>910</ymax>
		</bndbox>
	</object>
	<object>
		<name>cancer</name>
		<pose>Unspecified</pose>
		<truncated>0</truncated>
		<difficult>0</difficult>
		<bndbox>
			<xmin>504</xmin>
			<ymin>112</ymin>
			<xmax>851</xmax>
			<ymax>957</ymax>
		</bndbox>
	</object>
</annotation>
