<annotation>
	<folder>cancer</folder>
	<filename>e2306357a6e17f8dbe13e5d03cd523_jumbo.jpeg</filename>
	<path>/home/esmailelbob/Downloads/IBM/cancer/e2306357a6e17f8dbe13e5d03cd523_jumbo.jpeg</path>
	<source>
		<database>Unknown</database>
	</source>
	<size>
		<width>1024</width>
		<height>918</height>
		<depth>1</depth>
	</size>
	<segmented>0</segmented>
	<object>
		<name>cancer</name>
		<pose>Unspecified</pose>
		<truncated>0</truncated>
		<difficult>0</difficult>
		<bndbox>
			<xmin>104</xmin>
			<ymin>127</ymin>
			<xmax>460</xmax>
			<ymax>819</ymax>
		</bndbox>
	</object>
	<object>
		<name>cancer</name>
		<pose>Unspecified</pose>
		<truncated>0</truncated>
		<difficult>0</difficult>
		<bndbox>
			<xmin>531</xmin>
			<ymin>92</ymin>
			<xmax>885</xmax>
			<ymax>777</ymax>
		</bndbox>
	</object>
</annotation>
