<annotation>
	<folder>cancer</folder>
	<filename>ec7d6a7d2a46e30bb52e6973947947_jumbo.jpeg</filename>
	<path>/home/esmailelbob/Downloads/IBM/cancer/ec7d6a7d2a46e30bb52e6973947947_jumbo.jpeg</path>
	<source>
		<database>Unknown</database>
	</source>
	<size>
		<width>890</width>
		<height>1024</height>
		<depth>1</depth>
	</size>
	<segmented>0</segmented>
	<object>
		<name>cancer</name>
		<pose>Unspecified</pose>
		<truncated>0</truncated>
		<difficult>0</difficult>
		<bndbox>
			<xmin>105</xmin>
			<ymin>189</ymin>
			<xmax>328</xmax>
			<ymax>848</ymax>
		</bndbox>
	</object>
	<object>
		<name>cancer</name>
		<pose>Unspecified</pose>
		<truncated>0</truncated>
		<difficult>0</difficult>
		<bndbox>
			<xmin>487</xmin>
			<ymin>167</ymin>
			<xmax>734</xmax>
			<ymax>621</ymax>
		</bndbox>
	</object>
</annotation>
