<annotation>
	<folder>cancer</folder>
	<filename>f7687cd78231bdc7ff6ff12ef22f4d_jumbo.jpg</filename>
	<path>/home/esmailelbob/Downloads/IBM/cancer/f7687cd78231bdc7ff6ff12ef22f4d_jumbo.jpg</path>
	<source>
		<database>Unknown</database>
	</source>
	<size>
		<width>918</width>
		<height>1024</height>
		<depth>1</depth>
	</size>
	<segmented>0</segmented>
	<object>
		<name>cancer</name>
		<pose>Unspecified</pose>
		<truncated>0</truncated>
		<difficult>0</difficult>
		<bndbox>
			<xmin>74</xmin>
			<ymin>195</ymin>
			<xmax>446</xmax>
			<ymax>782</ymax>
		</bndbox>
	</object>
	<object>
		<name>cancer</name>
		<pose>Unspecified</pose>
		<truncated>0</truncated>
		<difficult>0</difficult>
		<bndbox>
			<xmin>609</xmin>
			<ymin>213</ymin>
			<xmax>840</xmax>
			<ymax>615</ymax>
		</bndbox>
	</object>
</annotation>
